id,x0,y0,x1,y1,f0,f1,f2,f3,f4,f5,f6,f7,f8,f9,f10,f11,f12,f13,f14,f15,f16,f17,f18,f19,f20,f21,f22,f23,f24,f25,f26,f27,f28,f29,f30,f31,f32,f33,f34,f35,f36,f37,f38,f39,f40,f41,f42,f43,f44,f45,f46,f47,f48,f49,f50,f51,f52,f53,f54,f55,f56,f57,f58,f59,f60,f61,f62,f63,f64,f65,f66,f67,f68,f69,f70,f71,f72,f73,f74,f75,f76,f77,f78,f79,f80,f81,f82,f83,f84,f85,f86,f87,f88,f89,f90,f91,f92,f93,f94,f95,f96,f97,f98,f99,f100,f101,f102,f103,f104,f105,f106,f107,f108,f109,f110,f111,f112,f113,f114,f115,f116,f117,f118,f119,f120,f121,f122,f123,f124,f125,f126,f127
0,819,437,902,509,0.18828949332237244,-0.22045981884002686,-0.1591421216726303,0.43421506881713867,-0.2025877684354782,-0.20715606212615967,-0.09300599247217178,-0.2318257838487625,0.13318763673305511,0.13721387088298798,-0.22189997136592865,-0.18113067746162415,-0.15488757193088531,-0.21661527454853058,-0.23733915388584137,0.08195478469133377,-0.2453209012746811,-0.18237309157848358,-0.19404251873493195,-0.0448450893163681,-0.23940934240818024,-0.0295043233782053,-0.1732378602027893,-0.13488101959228516,-0.18402543663978577,0.14241915941238403,0.22490015625953674,-0.21597519516944885,0.0022327902261167765,0.3245013952255249,-0.105516217648983,-0.022157710045576096,0.14076754450798035,-0.11419816315174103,0.3820563852787018,0.23225213587284088,0.14279678463935852,0.07834859192371368,-0.13262714445590973,0.01825379952788353,0.022536970674991608,0.4839361310005188,-0.1888907551765442,-0.24711626768112183,0.02828994393348694,-0.15067417919635773,0.15359672904014587,0.16069243848323822,-0.13413706421852112,0.23104546964168549,0.015836039558053017,-0.15365667641162872,-0.014650525525212288,0.15271233022212982,0.5222598314285278,0.36078816652297974,-0.07997039705514908,0.07400103658437729,-0.2430526167154312,-0.1328475922346115,0.28327885270118713,0.07182752341032028,-0.1897723227739334,-0.2058883160352707,-0.2179313749074936,-0.13954231142997742,-0.17147020995616913,-0.05732465907931328,0.5094138383865356,0.0024689058773219585,-0.1721750646829605,-0.14856146275997162,0.24714836478233337,-0.1099642813205719,-0.21555183827877045,-0.19640088081359863,0.0339495986700058,-0.013143528252840042,-0.2015218883752823,0.24615174531936646,-0.15545804798603058,-0.19592154026031494,-0.20278766751289368,-0.22996611893177032,0.3459760546684265,-0.11337321251630783,0.003531206399202347,-0.21095870435237885,-0.11055409163236618,0.4218829274177551,-0.12448685616254807,0.4262997806072235,-0.19385389983654022,-0.18306344747543335,-0.19326867163181305,-0.15869353711605072,-0.2410215437412262,-0.16968819499015808,-0.07658998668193817,0.6687777042388916,0.09704568237066269,0.3072788417339325,0.2433425337076187,0.10683255642652512,0.21043045818805695,-0.10953105986118317,-0.149741530418396,-0.20743457973003387,-0.10078420490026474,0.16453664004802704,0.08092046529054642,-0.16456152498722076,-0.20257554948329926,0.4647600054740906,-0.19852988421916962,0.4600656032562256,-0.2527352571487427,-0.2377869039773941,-0.13624709844589233,-0.18265271186828613,-0.1050422266125679,0.3640841543674469,-0.2169775366783142,-0.1283106654882431,-0.19261246919631958,-0.2267168015241623,-0.1968928426504135,-0.009343521669507027
1,640,571,732,649,0.12367802113294601,-0.20472878217697144,-0.06451421231031418,0.25221285223960876,-0.21234168112277985,-0.21116049587726593,0.17505702376365662,-0.22376622259616852,0.07177901268005371,0.28690171241760254,-0.18414954841136932,-0.165309339761734,0.0690346285700798,-0.2117355763912201,-0.09398839622735977,0.06532201170921326,-0.23625625669956207,-0.12147409468889236,-0.21542926132678986,0.17608951032161713,-0.22519107162952423,0.08380190283060074,-0.2062743902206421,-0.1337244063615799,-0.18707989156246185,0.1102915108203888,0.04208778962492943,-0.19351734220981598,0.45391517877578735,0.09423581510782242,-0.10462722927331924,0.11293913424015045,0.0429183766245842,-0.1598406583070755,0.16394054889678955,0.19082017242908478,0.38312992453575134,0.2724911570549011,-0.1689300537109375,-0.14826592803001404,-0.008860541507601738,0.18366821110248566,-0.037892527878284454,-0.22293445467948914,-0.02575329877436161,-0.13538582623004913,0.34782907366752625,0.24997316300868988,0.019187072291970253,-0.02572348341345787,0.5214489698410034,0.15748408436775208,0.0035592515487223864,0.09936070442199707,0.7973811626434326,0.19352874159812927,-0.0009488860960118473,0.12318719923496246,-0.22270525991916656,-0.19662486016750336,0.038092534989118576,0.09346660226583481,-0.1633145660161972,-0.18156825006008148,-0.24718409776687622,-0.21984834969043732,-0.10326505452394485,0.1632368266582489,0.20036329329013824,0.2975315749645233,-0.16064047813415527,-0.22234705090522766,0.41968241333961487,-0.11610426008701324,-0.11327436566352844,-0.19989627599716187,0.11477206647396088,0.05004092678427696,-0.18683859705924988,0.2289460301399231,0.025086572393774986,-0.21671414375305176,-0.13726145029067993,-0.19202515482902527,0.2980877161026001,-0.1433950960636139,0.14486943185329437,-0.19973808526992798,-0.11742743104696274,-0.014229459688067436,-0.11124079674482346,0.32249465584754944,-0.11898769438266754,-0.22553211450576782,-0.2148694545030594,-0.2402786761522293,-0.2368706613779068,-0.1844305545091629,0.24897564947605133,0.45659488439559937,0.06504469364881516,0.3621958792209625,0.0004543264803942293,-0.09875080734491348,0.15990743041038513,-0.054850079119205475,-0.0989951565861702,-0.2113640159368515,0.06299974024295807,0.034893423318862915,0.14694203436374664,-0.21696175634860992,-0.20265385508537292,0.5013686418533325,-0.10587737709283829,0.5714992880821228,-0.16765019297599792,-0.20472000539302826,-0.16019879281520844,-0.2071184366941452,-0.08265861868858337,0.24221709370613098,-0.23869319260120392,-0.08023751527070999,-0.187013179063797,-0.22320549190044403,-0.20189382135868073,-0.047006700187921524
2,796,592,893,675,0.12022334337234497,-0.22236113250255585,-0.07424550503492355,0.18001842498779297,-0.21577481925487518,-0.19752393662929535,0.22085267305374146,-0.22569872438907623,-0.03243133798241615,0.29206401109695435,-0.22510047256946564,-0.16489100456237793,0.05196242034435272,-0.16511982679367065,-0.07765299826860428,0.10157010704278946,-0.22331999242305756,-0.18598327040672302,-0.2300909012556076,0.12421008944511414,-0.24807848036289215,0.10969826579093933,-0.2083633542060852,-0.14276836812496185,-0.18204616010189056,0.11743003129959106,0.06977134197950363,-0.20429004728794098,0.529777467250824,0.05794414505362511,-0.031358502805233,0.16164767742156982,0.01058935560286045,-0.1362963169813156,0.07672128826379776,0.17025555670261383,0.5155213475227356,0.2288232147693634,-0.1640167534351349,-0.16661791503429413,0.00034346466418355703,0.23461884260177612,-0.0012968892697244883,-0.24511753022670746,-0.028848767280578613,-0.13044942915439606,0.3101906180381775,0.18149293959140778,0.0776696652173996,0.00924026407301426,0.5817813277244568,0.20947207510471344,0.04794391244649887,0.022389359772205353,0.8971709609031677,0.2034856528043747,-0.08276359736919403,0.17248089611530304,-0.2554214596748352,-0.21622376143932343,-0.02990371361374855,0.06843678653240204,-0.13374288380146027,-0.2326323240995407,-0.23418551683425903,-0.2142118513584137,-0.07142217457294464,0.17505964636802673,0.23215380311012268,0.24402818083763123,-0.16394942998886108,-0.22723382711410522,0.5099220871925354,-0.10281889140605927,-0.21956652402877808,-0.21525438129901886,0.1085662990808487,0.10190077126026154,-0.20146307349205017,0.12610973417758942,-0.044928453862667084,-0.2234179675579071,-0.09102009981870651,-0.2102428376674652,0.3587990999221802,-0.19876712560653687,0.1659143716096878,-0.21022506058216095,-0.1041853129863739,-0.0027999281883239746,-0.14028286933898926,0.3352601230144501,-0.1958729475736618,-0.22719860076904297,-0.22747831046581268,-0.25650280714035034,-0.2520929276943207,-0.17996329069137573,0.293578565120697,0.4472922384738922,0.11646231263875961,0.2589852213859558,-0.10458210855722427,0.008405543863773346,0.01640034280717373,-0.036612771451473236,-0.12811072170734406,-0.21097706258296967,0.07701233774423599,0.051034461706876755,0.05004705861210823,-0.25315526127815247,-0.2019300013780594,0.48258864879608154,-0.07812412828207016,0.6331502795219421,-0.24591316282749176,-0.20133046805858612,-0.17345185577869415,-0.22199022769927979,-0.11165917664766312,0.19293183088302612,-0.2546789050102234,-0.06513296812772751,-0.18650981783866882,-0.23282834887504578,-0.21904239058494568,-0.11043155938386917
3,700,774,799,858,0.10302094370126724,-0.23503358662128448,-0.12649434804916382,0.3673122525215149,-0.18669003248214722,-0.19094206392765045,0.37627658247947693,-0.2084149420261383,0.016609875485301018,0.1553744226694107,-0.19459883868694305,-0.16764713823795319,-0.10963927209377289,-0.06692790985107422,0.04825173690915108,-0.027160415425896645,-0.2092135101556778,-0.17825669050216675,-0.2010229229927063,0.1942388266324997,-0.16018100082874298,0.17300985753536224,-0.18671928346157074,-0.1405257135629654,-0.2009408175945282,-0.05789383873343468,-0.05084555596113205,-0.20719973742961884,0.3697560131549835,-0.04845152795314789,-0.1846097707748413,0.1888560801744461,-0.09509973227977753,-0.13025029003620148,0.18334050476551056,0.0628969669342041,0.43036067485809326,0.5642246007919312,-0.1330518126487732,-0.10028164088726044,-0.09915513545274734,0.18466085195541382,-0.06441772729158401,-0.18275055289268494,0.11401891708374023,-0.1469273865222931,0.40921783447265625,0.07499176263809204,0.10943039506673813,-0.13004186749458313,0.22444961965084076,0.29991593956947327,0.029398316517472267,0.041533198207616806,0.7717364430427551,0.28877726197242737,-0.08470439165830612,0.27130967378616333,-0.12150194495916367,-0.23281222581863403,-0.14463749527931213,-0.013820926658809185,-0.18737825751304626,-0.10787414759397507,-0.23493610322475433,-0.21077540516853333,-0.10252858698368073,0.09651640802621841,0.1412421464920044,0.354889839887619,-0.169342502951622,-0.22706617414951324,0.42253273725509644,-0.13707323372364044,-0.24630744755268097,-0.19771116971969604,0.109581358730793,0.09260605275630951,-0.16648608446121216,0.30742353200912476,-0.0795464962720871,-0.22382709383964539,-0.10289151221513748,-0.18901190161705017,0.3448222875595093,-0.13413284718990326,0.2770334482192993,-0.22978509962558746,-0.07363354414701462,-0.05052849277853966,-0.16740450263023376,0.24745944142341614,-0.19360479712486267,-0.2207968831062317,-0.2105128914117813,-0.21949224174022675,-0.2182656079530716,-0.10878095030784607,0.1136050820350647,0.612780749797821,0.05460723862051964,0.4272175431251526,-0.1516922563314438,-0.1306876242160797,0.11583342403173447,0.1402682363986969,-0.17966929078102112,-0.1843981295824051,0.13888433575630188,0.1314554512500763,0.08275539427995682,-0.252278208732605,-0.2554219961166382,0.4880923330783844,0.06899953633546829,0.4649892747402191,-0.24517227709293365,-0.17662672698497772,-0.17685531079769135,-0.2149941325187683,-0.14774127304553986,0.1097852885723114,-0.22336411476135254,-0.06168119236826897,-0.15495207905769348,-0.21389839053153992,-0.16899989545345306,-0.07839559018611908
4,894,458,978,530,0.30890101194381714,-0.18174132704734802,-0.158461794257164,0.3634028136730194,-0.19696283340454102,-0.1910131424665451,0.042776018381118774,-0.1598753035068512,-0.02944946102797985,0.18960291147232056,-0.2089935690164566,-0.1657567024230957,-0.14092543721199036,-0.12120448052883148,-0.14887049794197083,-0.04588596522808075,-0.0059727574698626995,-0.17076943814754486,-0.16941140592098236,-0.018959125503897667,-0.0625571683049202,0.039281152188777924,-0.21779397130012512,-0.18174821138381958,-0.20367440581321716,-0.14747443795204163,-0.05976647511124611,-0.14751403033733368,-0.11557138711214066,0.0031426860950887203,-0.10366537421941757,0.11349913477897644,0.33812999725341797,-0.1050686314702034,0.47856903076171875,-0.06473445147275925,0.13014577329158783,0.3406904637813568,-0.13875116407871246,-0.11327113956212997,-0.14901873469352722,0.42100125551223755,-0.15360113978385925,-0.10818422585725784,-0.01787625066936016,-0.17213009297847748,0.372628390789032,0.027800248935818672,-0.019897524267435074,-0.11060445755720139,0.014046925120055676,-0.1273488998413086,0.015029408037662506,0.30217060446739197,0.15295255184173584,0.35079237818717957,-0.054237887263298035,0.07789777964353561,0.22319674491882324,-0.14653287827968597,-0.08727964013814926,0.040564149618148804,-0.18384289741516113,-0.11003989726305008,-0.205439031124115,-0.18018963932991028,-0.1446515917778015,-0.1678674966096878,0.35978150367736816,0.023541297763586044,-0.165188267827034,-0.19613708555698395,0.292561411857605,-0.10550526529550552,-0.18289029598236084,-0.19680556654930115,0.012119747698307037,-0.01045987755060196,0.023030636832118034,0.22216977179050446,-0.07151629775762558,-0.18976697325706482,-0.22135022282600403,-0.1288919746875763,0.5040786266326904,-0.1504930853843689,-0.08534587919712067,-0.2120336890220642,0.0677657350897789,0.011223191395401955,-0.1715831756591797,0.18213722109794617,-0.11188775300979614,-0.20160064101219177,-0.08180737495422363,-0.20670174062252045,-0.23156985640525818,-0.1718849092721939,-0.12004789710044861,0.7817628383636475,-0.0356711782515049,0.21946829557418823,0.13327431678771973,-0.20329253375530243,0.19338108599185944,-0.06944781541824341,-0.19310115277767181,-0.18221411108970642,-0.02043951489031315,0.2529716193675995,-0.0999639704823494,-0.16408975422382355,-0.2363247275352478,0.5398059487342834,0.0012056997511535883,0.4909021258354187,-0.2376159131526947,-0.16871151328086853,-0.16826356947422028,-0.16384151577949524,-0.019553042948246002,0.11828684061765671,0.023790573701262474,-0.2145901918411255,-0.17710135877132416,-0.21699365973472595,-0.2102014422416687,-0.06847040355205536
5,251,299,356,389,0.17783349752426147,-0.20901602506637573,-0.09583272784948349,0.2987057864665985,-0.20475855469703674,-0.18593844771385193,0.10656240582466125,-0.2429742068052292,0.04666506499052048,0.2762705981731415,-0.06966578960418701,-0.16036446392536163,0.018224386498332024,-0.1147742047905922,-0.1365041732788086,0.18826965987682343,-0.22158348560333252,-0.18392302095890045,-0.18419954180717468,-0.11709877103567123,-0.21230579912662506,0.1630350649356842,-0.2373298704624176,-0.1605454981327057,-0.17684218287467957,-0.05346750468015671,-0.013159703463315964,-0.1861717849969864,0.13228584825992584,0.006177276838570833,-0.07026179134845734,0.11510148644447327,0.04066434130072594,-0.1646522879600525,0.20646125078201294,0.14545781910419464,0.32417717576026917,0.13017809391021729,0.00683849211782217,-0.05542865768074989,0.13812248408794403,0.2718343436717987,-0.03105544112622738,-0.19579531252384186,-0.06209253519773483,-0.15650014579296112,0.30563193559646606,-0.0030560686718672514,-0.06579123437404633,0.2541338801383972,0.11898816376924515,-0.19659115374088287,0.03734041750431061,0.09366361051797867,0.6524004340171814,0.48226672410964966,-0.17355257272720337,0.1630607694387436,-0.19798214733600616,-0.17367137968540192,0.04026360809803009,0.07780919969081879,-0.10814924538135529,-0.1458974927663803,-0.2329535186290741,-0.10567022860050201,-0.04199845716357231,0.038990236818790436,0.30392369627952576,0.05106239765882492,-0.16489708423614502,-0.15608081221580505,0.3352881968021393,-0.10236860811710358,-0.18696795403957367,-0.14258915185928345,0.08824589103460312,0.04503048211336136,-0.18621183931827545,0.04875306412577629,-0.04608329012989998,-0.227925106883049,-0.19387231767177582,-0.23106539249420166,0.42601075768470764,-0.06675748527050018,-0.10871710628271103,-0.20455072820186615,-0.06364614516496658,0.3130108416080475,-0.177287295460701,0.2598332166671753,-0.14347641170024872,-0.17858611047267914,-0.23232713341712952,-0.2273380309343338,-0.23973119258880615,-0.14426261186599731,0.10508789867162704,0.5353249907493591,0.1558949053287506,0.13063424825668335,-0.025591524317860603,-0.1322030872106552,0.17895449697971344,-0.05963219702243805,-0.16422966122627258,-0.21524590253829956,-0.06982307881116867,0.09032382816076279,0.2493850439786911,-0.1958150416612625,-0.19699183106422424,0.4636212885379791,-0.07673174142837524,0.4816768169403076,-0.21828210353851318,-0.22977405786514282,-0.12479927390813828,-0.21633847057819366,-0.18983636796474457,0.18309728801250458,-0.20207315683364868,-0.042820073664188385,-0.14359423518180847,-0.19125810265541077,-0.20804402232170105,-0.008706817403435707
6,476,718,554,785,0.09702643007040024,-0.21428251266479492,0.12801440060138702,0.22871562838554382,-0.18892890214920044,-0.18234355747699738,0.026584334671497345,-0.16757632791996002,-0.07286221534013748,0.09315547347068787,-0.20606759190559387,-0.14116109907627106,0.041683513671159744,-0.15370814502239227,-0.10704023391008377,0.071412093937397,-0.2377317249774933,-0.20973670482635498,-0.2176380604505539,-0.0032845207024365664,-0.22343941032886505,-0.05135165899991989,-0.19727730751037598,-0.16236276924610138,-0.21980585157871246,0.029971713200211525,-0.0310310497879982,-0.1775464564561844,0.1106126606464386,0.16406546533107758,-0.15821915864944458,0.15165068209171295,0.18553437292575836,-0.16019722819328308,0.21459655463695526,-0.08156745135784149,0.355471134185791,0.14118947088718414,-0.16405218839645386,-0.2317555546760559,-0.10652688890695572,0.22646716237068176,-0.08391664177179337,-0.2549841105937958,-0.10449659824371338,-0.1562388837337494,0.4719923436641693,0.21545402705669403,0.1350729912519455,-0.006570124067366123,0.1275462806224823,0.3432474136352539,-0.0329565666615963,-0.005352172534912825,0.42322492599487305,0.26849088072776794,-0.002927720546722412,0.1704067438840866,-0.19594891369342804,-0.19532270729541779,-0.13543762266635895,0.37073957920074463,-0.03250475227832794,-0.13561952114105225,-0.22995546460151672,-0.2041272670030594,-0.017996499314904213,0.012348504737019539,0.08728008717298508,-0.010937280021607876,-0.16414843499660492,-0.23957157135009766,0.4662208557128906,-0.006942040286958218,-0.20946188271045685,-0.21260574460029602,-0.029378540813922882,-0.1173948422074318,-0.16329672932624817,0.05575328320264816,-0.08811826258897781,-0.2083837240934372,-0.19206063449382782,-0.22975726425647736,0.5138316750526428,-0.21799978613853455,-0.05538082867860794,-0.20461146533489227,-0.02796311490237713,-0.09138409048318863,-0.10149110853672028,0.31995004415512085,-0.19687549769878387,-0.2316635400056839,-0.23537090420722961,-0.1967782825231552,-0.16160793602466583,-0.2064805030822754,-0.06476861983537674,0.4854215979576111,0.06536941230297089,0.1815013587474823,-0.1098407506942749,-0.0978446900844574,0.04840623959898949,-0.14799106121063232,-0.19893188774585724,-0.17094376683235168,-0.08950205892324448,0.10647714883089066,-0.06770352274179459,-0.2627295255661011,-0.23659205436706543,0.5584383606910706,0.09401360154151917,0.5183156132698059,-0.25190988183021545,-0.20515640079975128,-0.15789461135864258,-0.10810574144124985,0.13204002380371094,0.08626163005828857,-0.23168417811393738,-0.16470380127429962,-0.15801917016506195,-0.2173592448234558,-0.1819300353527069,-0.0297144316136837
7,383,487,485,575,-0.11660642921924591,-0.20967727899551392,-0.023485224694013596,0.31539472937583923,-0.20111441612243652,-0.19757962226867676,0.28704527020454407,-0.20885401964187622,0.027119364589452744,0.3583197593688965,-0.18313388526439667,-0.15639656782150269,0.18463683128356934,-0.02889283001422882,-0.002280270215123892,-0.0059755160473287106,-0.2217596471309662,-0.09759509563446045,-0.1703551858663559,0.17086753249168396,-0.23445014655590057,0.1664147824048996,-0.22539374232292175,-0.0657249242067337,-0.2138686180114746,-0.07171705365180969,-0.07621641457080841,-0.1853017807006836,0.4166496694087982,-0.14071065187454224,-0.006687825080007315,0.24649977684020996,0.033804751932621,-0.10349182784557343,0.20494811236858368,0.041515953838825226,0.3804855942726135,0.4609493613243103,-0.08616508543491364,-0.10305633395910263,-0.08780737966299057,0.17411361634731293,0.06905528903007507,-0.10052794218063354,-0.051914118230342865,-0.13005121052265167,0.5071457624435425,0.11185690015554428,0.12205767631530762,-0.1103624552488327,0.44490206241607666,0.1947537660598755,-0.0028103142976760864,0.2519491910934448,0.5165693759918213,0.09910218417644501,-0.04915177822113037,0.1538236439228058,-0.2069658488035202,-0.20907233655452728,-0.15100304782390594,0.15984615683555603,-0.15329302847385406,0.0007091239094734192,-0.13682736456394196,-0.18682077527046204,-0.01191486045718193,0.11671094596385956,0.01841895841062069,0.3439459204673767,-0.18555164337158203,-0.21454587578773499,0.42707109451293945,-0.007479876279830933,-0.0793696865439415,-0.20930162072181702,0.163397878408432,0.09167368710041046,-0.16009876132011414,0.07188977301120758,0.04654225707054138,-0.13935914635658264,-0.16672663390636444,-0.08097823709249496,0.3214227557182312,-0.16059637069702148,0.049954481422901154,-0.13283179700374603,-0.05687498301267624,-0.03187960386276245,-0.14038866758346558,0.19432660937309265,-0.15878552198410034,-0.21447621285915375,-0.22431503236293793,-0.22734284400939941,-0.23323297500610352,-0.10340581834316254,0.2391834855079651,0.4626152515411377,0.04616181552410126,0.4755858778953552,-0.09098270535469055,-0.22780045866966248,0.0940309390425682,-0.06935469061136246,-0.09217660129070282,-0.20376186072826385,0.11246365308761597,0.21064338088035583,-0.015495414845645428,-0.15505561232566833,-0.23021380603313446,0.5190836787223816,0.01557947974652052,0.5233728289604187,-0.07806332409381866,-0.16772982478141785,-0.182717964053154,-0.14749859273433685,-0.21840202808380127,0.05168015882372856,-0.17989550530910492,-0.07018371671438217,-0.17908772826194763,-0.17180030047893524,-0.18902811408042908,-0.0772993415594101
8,386,677,469,747,-0.0984852984547615,-0.2285362184047699,-0.16548635065555573,0.2492700070142746,-0.23960378766059875,-0.2169402539730072,0.2327696532011032,0.14748823642730713,-0.020653121173381805,-0.008218948729336262,-0.2282242774963379,-0.16104431450366974,0.037785038352012634,-0.15655826032161713,-0.1284828931093216,-0.09759745746850967,0.08288492262363434,-0.22472207248210907,-0.13973943889141083,0.033841803669929504,-0.08791173994541168,0.04272012412548065,-0.2215219885110855,-0.16704678535461426,-0.21259479224681854,-0.06158572435379028,0.036243654787540436,-0.21900536119937897,0.17309775948524475,0.1767396330833435,-0.09553056210279465,0.058472517877817154,0.33444944024086,-0.1158256083726883,0.2931969165802002,0.0052481056191027164,0.3475016951560974,0.577691912651062,-0.09855513274669647,-0.15032470226287842,-0.19816887378692627,0.28710848093032837,-0.0838041678071022,-0.18091300129890442,-0.11218339204788208,-0.14074714481830597,0.4159240424633026,0.3465483486652374,0.0076939016580581665,-0.19489331543445587,0.18351596593856812,0.3315314054489136,0.08881105482578278,0.24892088770866394,0.28785908222198486,0.02946477010846138,0.07823905348777771,0.05360133945941925,0.037076741456985474,-0.22199265658855438,0.08347221463918686,0.0851142555475235,-0.18008853495121002,0.1498507261276245,-0.2084190547466278,-0.1966322660446167,-0.04607275500893593,-0.09905821830034256,0.20704591274261475,0.38637110590934753,-0.1873869001865387,-0.23046649992465973,0.4703342020511627,-0.13152119517326355,-0.2053535282611847,-0.18357007205486298,0.10378316044807434,-0.0845588892698288,-0.13113360106945038,0.3119330108165741,-0.03681940585374832,-0.21046215295791626,-0.2467295527458191,0.18729570508003235,0.35854819416999817,-0.20930665731430054,0.11429037153720856,-0.1767360419034958,0.012433871626853943,-0.023369349539279938,-0.11442647129297256,0.34192579984664917,-0.22683672606945038,-0.22476844489574432,-0.10176016390323639,-0.16701599955558777,-0.20233312249183655,-0.20533975958824158,-0.08587618172168732,0.6879439949989319,-0.10398591309785843,0.48275431990623474,-0.04096650332212448,-0.16877423226833344,0.2609902620315552,0.19683413207530975,-0.1625593900680542,-0.2004271149635315,0.11861879378557205,0.24604089558124542,-0.036243148148059845,-0.25093621015548706,-0.22242502868175507,0.4996590316295624,0.034038640558719635,0.6947311758995056,-0.25377053022384644,-0.13504302501678467,-0.19048987329006195,-0.23426279425621033,-0.170017808675766,0.14925850927829742,-0.16611173748970032,-0.1540638953447342,-0.18780289590358734,-0.23512645065784454,-0.18501976132392883,-0.0017253102269023657
9,173,686,261,760,0.12030737847089767,-0.23334185779094696,-0.1529553234577179,0.08830220252275467,-0.21771368384361267,-0.20341365039348602,0.2269606590270996,0.13146257400512695,0.08269066363573074,0.20205216109752655,-0.20467700064182281,-0.20296894013881683,-0.10102249681949615,-0.025929955765604973,-0.012335993349552155,-0.09841973334550858,-0.0030467226170003414,-0.21628890931606293,-0.12510964274406433,-0.041553251445293427,-0.08548065274953842,-0.03849354758858681,-0.2240728735923767,-0.18771590292453766,-0.2376272827386856,-0.13507816195487976,-0.08935078978538513,-0.22551855444908142,0.1218489408493042,-0.009339934214949608,-0.144220769405365,0.13907696306705475,0.209091916680336,-0.20022477209568024,0.08817911148071289,-0.05831264331936836,0.4952003061771393,0.6323096752166748,-0.0767565444111824,-0.18776540458202362,-0.1709021031856537,0.30642661452293396,-0.014965471811592579,-0.17659947276115417,-0.03251586854457855,-0.14821718633174896,0.4041721820831299,0.1558101773262024,0.3295847475528717,-0.2198278307914734,0.2664717435836792,0.16304774582386017,0.022234894335269928,0.26638171076774597,0.2207467257976532,0.3352113962173462,0.009471124038100243,0.12731702625751495,0.19754916429519653,-0.22860735654830933,-0.12741386890411377,-0.042727839201688766,-0.08141281455755234,0.027701962739229202,-0.229722261428833,-0.22612367570400238,-0.12120616436004639,-0.052454087883234024,0.13568809628486633,0.34379661083221436,-0.16230890154838562,-0.23120345175266266,0.3785887062549591,-0.08921819180250168,-0.2079344540834427,-0.22491446137428284,-0.039863236248493195,-0.03460470959544182,-0.08003457635641098,0.10482965409755707,-0.02830291911959648,-0.1913209855556488,-0.2281210869550705,0.06032654270529747,0.4134131073951721,-0.22446778416633606,0.06338760256767273,-0.1869203895330429,0.008236258290708065,-0.1981257051229477,-0.13295207917690277,0.30610203742980957,-0.19048109650611877,-0.22903479635715485,-0.20568811893463135,-0.2122112512588501,-0.1999216377735138,-0.22360865771770477,-0.06343966722488403,0.6184040307998657,-0.07711914926767349,0.14119604229927063,-0.07417401671409607,-0.22296790778636932,0.09755901247262955,0.09861436486244202,-0.1964648813009262,-0.1871364265680313,0.28420016169548035,0.1745159775018692,-0.20270481705665588,-0.21675659716129303,-0.24537722766399384,0.4713432788848877,0.19008301198482513,0.6375157833099365,-0.2324615865945816,0.05481168255209923,-0.2105737030506134,-0.19562339782714844,-0.08902371674776077,0.02015288732945919,-0.0739959180355072,-0.1970006823539734,-0.17133107781410217,-0.18746043741703033,-0.16034671664237976,-0.1928805410861969
10,488,888,565,952,-0.11484677344560623,0.3355349898338318,-0.07777830213308334,0.15098346769809723,-0.19409504532814026,-0.19616730511188507,0.429485023021698,0.12226445972919464,-0.019525477662682533,0.02512301318347454,-0.14577744901180267,-0.18108181655406952,-0.15501271188259125,0.10428458452224731,0.3070947825908661,-0.09931664913892746,-0.16533097624778748,-0.22241677343845367,-0.15852560102939606,-0.0855710580945015,-0.11902368068695068,0.22578923404216766,-0.1776418834924698,-0.18593096733093262,-0.11652743816375732,-0.19120150804519653,0.0279184989631176,-0.24002109467983246,0.23376955091953278,0.12321154773235321,-0.13011300563812256,0.18299555778503418,0.019532974809408188,-0.15181802213191986,0.12803834676742554,-0.15669508278369904,0.13501644134521484,0.09680835902690887,0.1291724145412445,-0.15142478048801422,-0.204080268740654,0.19586177170276642,-0.18217803537845612,0.25408312678337097,0.14737260341644287,-0.12654227018356323,0.5002601742744446,-0.144366055727005,0.23965367674827576,-0.199402317404747,0.10673566162586212,0.44174307584762573,0.4098854959011078,0.28073668479919434,0.05390775576233864,0.36558929085731506,-0.10215704888105392,0.23185686767101288,0.45864585041999817,-0.23907049000263214,-0.19344079494476318,0.05321252718567848,-0.1249532625079155,0.3586026132106781,-0.014925222843885422,-0.25070643424987793,-0.08165611326694489,0.009622971527278423,-0.03468003869056702,-0.09800803661346436,-0.0758017972111702,-0.18928079307079315,0.43000999093055725,0.09490670263767242,-0.07271145284175873,-0.22013190388679504,-0.017232155427336693,-0.0942864865064621,0.06557612866163254,0.24205054342746735,0.4595530927181244,-0.1390180140733719,-0.22168834507465363,0.06549656391143799,0.41174018383026123,-0.22668321430683136,0.22085805237293243,-0.2112034261226654,0.2859361469745636,-0.2173372358083725,-0.1861022710800171,0.41534560918807983,0.11970445513725281,-0.23928965628147125,0.0369209460914135,-0.18794958293437958,-0.22256071865558624,-0.22086693346500397,0.08734558522701263,0.38508015871047974,-0.061164047569036484,0.05426415055990219,-0.06840507686138153,-0.19466538727283478,0.23154118657112122,0.043656062334775925,-0.1412324160337448,-0.1598452925682068,0.13800279796123505,0.20364990830421448,-0.19419200718402863,-0.21755649149417877,-0.2522446811199188,0.5351592302322388,0.12468355894088745,0.5379651784896851,-0.22555404901504517,0.17561055719852448,-0.1805534064769745,-0.17737391591072083,-0.08371913433074951,-0.03930823132395744,0.14919981360435486,-0.0665227547287941,-0.14684642851352692,0.051648881286382675,-0.19204694032669067,-0.09439993649721146
11,638,184,764,291,-0.005394258536398411,0.001966615440323949,-0.059285718947649,0.38982024788856506,-0.17231470346450806,-0.19014579057693481,0.5449736714363098,-0.2018088847398758,0.06207924336194992,0.10602850466966629,-0.13979050517082214,-0.19848580658435822,-0.15485520660877228,-0.044615764170885086,0.05310167744755745,0.015053749084472656,-0.1795928031206131,-0.1815832406282425,-0.15066106617450714,-0.09642358869314194,-0.11220987886190414,0.27238988876342773,-0.22066514194011688,-0.13467314839363098,-0.1979602426290512,-0.1016923040151596,-0.0032464435789734125,-0.14379647374153137,0.2867847979068756,-0.16832955181598663,-0.10428817570209503,0.12462975084781647,-0.07021848112344742,-0.2294832319021225,0.1650656908750534,0.09852275997400284,0.03488629311323166,0.24894721806049347,0.07858208566904068,0.013997362926602364,0.011693430133163929,0.2287982553243637,-0.04442007094621658,0.011700229719281197,0.06591514497995377,-0.113887257874012,0.35999608039855957,-0.10316375643014908,0.0158833134919405,-0.11011960357427597,0.13459248840808868,-0.14590799808502197,0.16456156969070435,0.20681722462177277,0.5256083011627197,0.5638962388038635,-0.1769161820411682,0.4407706558704376,-0.058917734771966934,-0.23784704506397247,-0.07614608854055405,-0.029325736686587334,-0.10753504931926727,-0.12629681825637817,-0.2353208363056183,-0.1563834547996521,-0.015129819512367249,0.008526948280632496,0.22451849281787872,0.18118712306022644,-0.1390809863805771,-0.08859966695308685,0.3682486116886139,-0.08090059459209442,-0.2160940170288086,-0.1582009345293045,0.15394099056720734,-0.034962501376867294,-0.1254425048828125,0.2650926113128662,0.04798071086406708,-0.19625648856163025,-0.15972065925598145,-0.14782799780368805,0.3930667042732239,-0.07159992307424545,-0.016642505303025246,-0.19979506731033325,-0.12687833607196808,0.1009296104311943,-0.22245706617832184,0.04267397150397301,-0.055025603622198105,-0.17569099366664886,-0.17312830686569214,-0.22078855335712433,-0.22533239424228668,-0.21049459278583527,0.14037345349788666,0.4769776165485382,-0.1175294890999794,0.22221685945987701,-0.15598273277282715,-0.1403123140335083,0.24884255230426788,0.08439159393310547,-0.2080308198928833,-0.21349503099918365,0.12122157216072083,0.13423340022563934,0.06058930233120918,-0.23645983636379242,-0.17096488177776337,0.4575980007648468,0.006379279773682356,0.30400821566581726,-0.21074016392230988,-0.0010508282575756311,-0.09138162434101105,-0.23294295370578766,-0.15292681753635406,-0.1304975301027298,-0.12767718732357025,0.06814070045948029,-0.17482779920101166,-0.19664669036865234,-0.2058088183403015,-0.05757754296064377
12,906,530,990,602,0.1908714771270752,-0.18322885036468506,-0.1075977087020874,0.4347339868545532,-0.2308923751115799,-0.20486889779567719,0.12999457120895386,-0.1728796511888504,-0.0754007026553154,0.1390661746263504,-0.18812477588653564,-0.17673258483409882,-0.03707915171980858,-0.17876435816287994,-0.02024712599813938,-0.04513237252831459,-0.07013064622879028,-0.17966289818286896,-0.19008281826972961,0.1195879876613617,-0.07561960071325302,0.1041455790400505,-0.20663465559482574,-0.16860881447792053,-0.2232661098241806,-0.04727451503276825,-0.03722648695111275,-0.18280737102031708,0.11247479170560837,0.03526601195335388,0.0439145602285862,0.11418324708938599,0.23901794850826263,-0.05311259254813194,0.21375983953475952,0.05754237249493599,0.3061542809009552,0.6506488919258118,-0.19327692687511444,-0.17207902669906616,-0.19029656052589417,0.30016782879829407,-0.16958686709403992,-0.05745023861527443,0.043755631893873215,-0.14749263226985931,0.368714839220047,0.2427717000246048,0.18013621866703033,-0.18440355360507965,0.28068894147872925,0.21308356523513794,0.009183966554701328,0.3569580912590027,0.15668389201164246,0.2570139467716217,0.09890150278806686,0.035437557846307755,0.03944513201713562,-0.17124997079372406,-0.16930250823497772,0.038711920380592346,-0.19182023406028748,-0.032939523458480835,-0.20870660245418549,-0.21032702922821045,-0.06671710312366486,-0.06531942635774612,0.30147087574005127,0.2549041211605072,-0.13504335284233093,-0.2502545714378357,0.42654848098754883,-0.16112540662288666,-0.2047646939754486,-0.20018388330936432,0.11393560469150543,0.05262772738933563,-0.0602925606071949,0.33949437737464905,-0.03594673052430153,-0.20179985463619232,-0.2499416470527649,-0.07569637894630432,0.4165588617324829,-0.23054862022399902,0.07627877593040466,-0.2076830267906189,0.2172471582889557,-0.21288828551769257,-0.12186182290315628,0.2915467619895935,-0.15083730220794678,-0.23155423998832703,-0.1515330672264099,-0.2567213773727417,-0.20456340909004211,-0.2132018804550171,-0.05074150487780571,0.6779054403305054,-0.14287647604942322,0.39613771438598633,0.02411751076579094,-0.23155823349952698,0.1661432683467865,-0.02306688390672207,-0.13501714169979095,-0.18792515993118286,0.2671637237071991,0.25201645493507385,-0.1372072994709015,-0.1810833066701889,-0.2319856435060501,0.5321484804153442,-0.036531005054712296,0.6796897649765015,-0.24322205781936646,-0.12683144211769104,-0.18648897111415863,-0.2088347226381302,0.09298014640808105,0.13418498635292053,-0.03166479989886284,-0.22891834378242493,-0.19264823198318481,-0.22112929821014404,-0.1823996901512146,-0.14415939152240753
13,444,792,529,863,0.03719620034098625,-0.18688102066516876,0.026929378509521484,0.4614778757095337,-0.1924271136522293,-0.18238304555416107,0.30372798442840576,-0.2029375433921814,-0.032407213002443314,0.10624583065509796,-0.16902045905590057,-0.11117202788591385,0.07819026708602905,-0.1360938996076584,0.18303385376930237,0.027409298345446587,-0.24046581983566284,0.03386973589658737,-0.19810396432876587,0.14529913663864136,-0.2188163697719574,0.16114576160907745,-0.18589690327644348,-0.06330618262290955,-0.22000254690647125,-0.06753544509410858,-0.032497506588697433,-0.18880459666252136,0.39581501483917236,0.02136160619556904,-0.1636817902326584,0.11546862870454788,-0.01790684275329113,-0.10118236392736435,0.2078360766172409,-0.04543890804052353,0.26084813475608826,0.34882816672325134,-0.10276459157466888,-0.2063455581665039,-0.08359942585229874,0.15086045861244202,-0.055259086191654205,-0.01137301605194807,0.08560455590486526,-0.1537255048751831,0.4582311809062958,-0.03633228689432144,0.196811705827713,-0.12624070048332214,0.19319704174995422,0.4410357177257538,0.1272805631160736,0.09353174269199371,0.5629151463508606,0.18829798698425293,-0.11928252875804901,0.20469965040683746,-0.15771746635437012,-0.22685454785823822,-0.17363044619560242,0.17486786842346191,-0.15755695104599,-0.06857380270957947,-0.12318897247314453,-0.24880796670913696,-0.030675604939460754,0.07592315971851349,-0.050548117607831955,0.06376808136701584,-0.1537705659866333,-0.217550128698349,0.4814828038215637,-0.14969339966773987,-0.17457398772239685,-0.21483160555362701,0.08027864247560501,0.16909925639629364,-0.15815481543540955,0.01818234659731388,0.060902826488018036,-0.19809764623641968,-0.06813044846057892,-0.20208318531513214,0.38359493017196655,-0.19123148918151855,0.08875101804733276,-0.18545620143413544,0.03589880093932152,-0.08507859706878662,-0.11897460371255875,0.4143052399158478,-0.16196082532405853,-0.23856386542320251,-0.2388562113046646,-0.2270730435848236,-0.20866605639457703,-0.20858195424079895,0.10834474861621857,0.44851988554000854,-0.06786272674798965,0.37391024827957153,-0.19354136288166046,-0.09107095748186111,0.05616502836346626,-0.10184486210346222,-0.13928039371967316,-0.1665269285440445,0.06627482175827026,0.07037188112735748,0.023744871839880943,-0.21739301085472107,-0.23237556219100952,0.536071240901947,0.03269850090146065,0.44722670316696167,0.032036881893873215,-0.20419184863567352,-0.1785009801387787,-0.19389039278030396,0.045975152403116226,0.03723231703042984,-0.1415262371301651,-0.02053944766521454,-0.17029333114624023,-0.10250066965818405,-0.18403631448745728,-0.06179321929812431
14,156,383,254,465,0.051270995289087296,-0.23557865619659424,-0.15589378774166107,0.34502461552619934,-0.21198789775371552,-0.20993827283382416,0.03906390070915222,-0.15480969846248627,-0.012435036711394787,0.2729518711566925,-0.10574500262737274,-0.18142862617969513,-0.056878361850976944,-0.06937072426080704,-0.06802164763212204,0.09762614220380783,-0.1521037071943283,-0.1592675745487213,-0.11718516051769257,-0.08345045894384384,-0.16952478885650635,0.06148305907845497,-0.2324371039867401,-0.16965079307556152,-0.1792486160993576,-0.14089138805866241,-0.015489432029426098,-0.20906506478786469,0.23051027953624725,-0.018349170684814453,-0.007992435246706009,0.24494263529777527,0.019032638520002365,-0.15073350071907043,0.03003360703587532,-0.023341508582234383,0.34820225834846497,0.39883244037628174,-0.07199245691299438,-0.10789359360933304,-0.15724140405654907,0.2212792932987213,-0.08172395825386047,-0.13674567639827728,-0.00614728219807148,-0.15687474608421326,0.3427508473396301,0.0959395170211792,0.012182549573481083,0.03085658885538578,0.27184149622917175,-0.07107461243867874,0.039736244827508926,0.15829145908355713,0.4858783781528473,0.3902873992919922,-0.15127459168434143,0.12281960248947144,0.07457312196493149,-0.15682834386825562,0.018572986125946045,-0.0037625418044626713,-0.21650107204914093,-0.13884800672531128,-0.22516269981861115,-0.19411832094192505,-0.12248245626688004,0.009646556340157986,0.2811141908168793,0.17707185447216034,-0.15705975890159607,-0.23073673248291016,0.39892998337745667,-0.11050962656736374,-0.18467268347740173,-0.2095111906528473,0.0857624039053917,0.055986739695072174,-0.11572419852018356,0.0978914350271225,-0.11603734642267227,-0.2026871293783188,-0.19417212903499603,-0.14738790690898895,0.4615992307662964,-0.20244115591049194,-0.0803804025053978,-0.19958212971687317,0.05372794717550278,-0.08881279826164246,-0.16645832359790802,0.2768867313861847,-0.19712677597999573,-0.23815543949604034,-0.21220555901527405,-0.18954350054264069,-0.23920488357543945,-0.1779840737581253,0.019198397174477577,0.5139636993408203,0.014475615695118904,-0.014254627749323845,-0.07104384154081345,-0.17160657048225403,0.17731748521327972,0.05072559416294098,-0.1851567029953003,-0.1905474066734314,0.06903000921010971,0.17892786860466003,-0.09933363646268845,-0.21599353849887848,-0.2371794581413269,0.5194262266159058,0.16127853095531464,0.6231947541236877,-0.23967298865318298,-0.19922439754009247,-0.18693390488624573,-0.2136903703212738,-0.07959017157554626,0.09512556344270706,-0.1832517832517624,-0.16315957903862,-0.17013557255268097,-0.1698852777481079,-0.2129889875650406,-0.07159923762083054
15,597,662,670,724,0.18219389021396637,-0.22449064254760742,-0.13327457010746002,0.15437890589237213,-0.24392202496528625,-0.18716154992580414,0.05059937387704849,-0.23074154555797577,-0.2010137140750885,0.49279630184173584,0.15475940704345703,-0.1439688503742218,0.11705674231052399,-0.19651271402835846,0.22096480429172516,0.14436815679073334,-0.2356458604335785,-0.19754627346992493,-0.18380382657051086,-0.0005585718317888677,-0.23293517529964447,0.19552253186702728,-0.19230003654956818,-0.14633141458034515,-0.21246160566806793,-0.07277823984622955,-0.13314412534236908,-0.1612313985824585,0.1660764217376709,0.09037772566080093,-0.10185947269201279,-0.044922713190317154,0.2845192551612854,0.1242174282670021,0.18515603244304657,-0.13743819296360016,0.4479934871196747,0.18314974009990692,-0.15655924379825592,-0.18577326834201813,-0.14597398042678833,0.17937882244586945,-0.12123086303472519,-0.06783448159694672,-0.015763502568006516,-0.15301233530044556,0.2423737645149231,0.09055764973163605,0.33306166529655457,0.07974979281425476,0.17578519880771637,0.16679340600967407,0.10491133481264114,0.05657157674431801,0.451049268245697,0.11775126308202744,-0.11717232316732407,-0.05612612143158913,-0.21130459010601044,-0.15342386066913605,0.08312928676605225,0.13339851796627045,-0.19597095251083374,0.0569138266146183,-0.200607568025589,-0.2090720683336258,-0.08746930956840515,0.0030750869773328304,0.12052230536937714,-0.02197706699371338,-0.1237187534570694,-0.2306228131055832,0.41542312502861023,-0.182073175907135,-0.13563880324363708,-0.21319064497947693,0.1413109302520752,0.07268666476011276,-0.21731315553188324,0.13105902075767517,-0.0020970033947378397,-0.21604305505752563,-0.2308875173330307,-0.16947895288467407,0.3794420063495636,-0.09358106553554535,-0.0854933112859726,-0.16589227318763733,0.46735069155693054,-0.048382215201854706,-0.046122949570417404,0.3188417851924896,-0.16417036950588226,-0.21145468950271606,-0.18866866827011108,-0.2601727545261383,-0.2586558163166046,-0.037402886897325516,-0.0821530818939209,0.8143606185913086,0.12052290886640549,0.2349146455526352,0.1015341579914093,-0.188778817653656,0.12793835997581482,-0.023252930492162704,-0.09875837713479996,-0.1949033886194229,-0.0810919776558876,0.0667070671916008,0.07606640458106995,-0.21759799122810364,-0.21806949377059937,0.619247555732727,-0.13993510603904724,0.8684059977531433,-0.22989539802074432,-0.2315056174993515,-0.15835118293762207,-0.17219354212284088,0.06943103671073914,0.48690706491470337,-0.2285485714673996,-0.150248721241951,-0.17792552709579468,-0.22593185305595398,-0.17821118235588074,0.10997733473777771
16,534,657,614,725,0.19302906095981598,-0.23587460815906525,-0.17252148687839508,0.5193925499916077,-0.23040661215782166,-0.19943954050540924,-0.11733370274305344,-0.23266281187534332,-0.0737888365983963,0.07840007543563843,-0.1264989823102951,-0.16967906057834625,-0.02195938490331173,-0.17064400017261505,-0.07457204908132553,0.08016417920589447,-0.23926672339439392,-0.2029333859682083,-0.18798403441905975,0.005965882446616888,-0.23737746477127075,0.0484946183860302,-0.16262789070606232,-0.14294564723968506,-0.16503697633743286,-0.02275899425148964,-0.10191288590431213,-0.18420986831188202,0.03171265870332718,0.21065178513526917,-0.10050889849662781,0.0030799787491559982,0.3205052316188812,-0.1217380091547966,0.23330888152122498,-0.07275203615427017,0.3302498757839203,0.047986950725317,-0.16581971943378448,-0.19712185859680176,-0.17795662581920624,0.3849863111972809,-0.22758308053016663,-0.1863890439271927,-0.12028836458921432,-0.16331355273723602,0.36268866062164307,0.18815258145332336,0.08536425232887268,0.09115702658891678,0.050388168543577194,-0.055892638862133026,-0.07190607488155365,0.03269900754094124,0.2792075574398041,0.149601548910141,-0.015938175842165947,-0.00960208848118782,-0.21666304767131805,-0.14095056056976318,0.07812688499689102,0.265045702457428,-0.2088056057691574,-0.021476199850440025,-0.21099844574928284,-0.21559658646583557,-0.12906906008720398,-0.07817130535840988,0.21696950495243073,-0.06626949459314346,-0.15915188193321228,-0.22377406060695648,0.4540451169013977,-0.1389782726764679,-0.1681889444589615,-0.21313180029392242,-0.0445421077311039,-0.10866110026836395,-0.21074138581752777,0.09133390337228775,-0.033647943288087845,-0.19390790164470673,-0.16019412875175476,-0.24275952577590942,0.4412655532360077,-0.13974224030971527,-0.01815754361450672,-0.211912602186203,0.276214599609375,-0.05040821060538292,-0.11789444833993912,0.21899567544460297,-0.17912159860134125,-0.22032004594802856,-0.2138093262910843,-0.24243129789829254,-0.23609337210655212,-0.08796167373657227,-0.12481909990310669,0.7478262186050415,0.1261846125125885,0.19424580037593842,0.23420007526874542,-0.13101550936698914,0.09480457752943039,-0.10396149754524231,-0.11944109946489334,-0.21496787667274475,-0.11906799674034119,0.1673186719417572,0.004438478033989668,-0.22417639195919037,-0.21971046924591064,0.6217362880706787,-0.09863140434026718,0.7269605994224548,-0.24654032289981842,-0.2183373123407364,-0.1301596462726593,-0.17015035450458527,0.036821771413087845,0.3218778967857361,-0.23950891196727753,-0.20870089530944824,-0.12762351334095,-0.16071446239948273,-0.16080906987190247,0.07099825888872147
17,611,568,635,588,-0.2586776614189148,0.6273112893104553,-0.15196651220321655,0.6062684059143066,-0.2524240016937256,-0.23910066485404968,-0.00992501899600029,-0.17137877643108368,-0.2514997124671936,-0.10222116857767105,-0.07933405041694641,0.047911666333675385,-0.15507104992866516,-0.27118492126464844,0.041866108775138855,-0.2755943834781647,-0.09158587455749512,2.3679943084716797,0.2957344353199005,-0.04016198217868805,-0.20449967682361603,-0.27615419030189514,-0.22514045238494873,1.9989445209503174,-0.08375135064125061,-0.20951196551322937,-0.20163442194461823,-0.0804005116224289,-0.07689255475997925,-0.09862039238214493,-0.2068587839603424,2.4800825119018555,-0.05389790236949921,-0.20821431279182434,-0.05368776619434357,-0.13326534628868103,-0.26643699407577515,-0.0715203657746315,0.3328908085823059,-0.11122601479291916,-0.23270893096923828,-0.03129034489393234,-0.2338758409023285,1.7079668045043945,0.10841980576515198,-0.11851174384355545,1.2014877796173096,-0.2628328800201416,-0.149359792470932,-0.24524760246276855,-0.18346378207206726,-0.19964712858200073,-0.1838490515947342,1.8951910734176636,-0.15357106924057007,0.09307326376438141,-0.2305113673210144,-0.1990029364824295,0.04767061769962311,-0.2145766019821167,-0.07008516788482666,-0.1955617368221283,-0.2762488126754761,-0.19233228266239166,1.4390645027160645,-0.18312044441699982,0.3466793894767761,-0.09376472234725952,-0.26922667026519775,-0.1507255733013153,-0.207015722990036,-0.1734105795621872,0.6744167804718018,-0.27614787220954895,0.7022757530212402,-0.118106409907341,-0.24033841490745544,-0.2052631676197052,0.4376397728919983,-0.13866397738456726,0.3661207854747772,-0.054705940186977386,-0.2359328716993332,-0.17570249736309052,0.682844340801239,-0.24273681640625,0.6225320100784302,1.2811604738235474,0.11111824214458466,-0.023938894271850586,-0.17181910574436188,-0.21130123734474182,2.283329486846924,0.2165062427520752,0.10806173831224442,-0.06797578185796738,-0.20765674114227295,-0.18572159111499786,-0.2699587941169739,0.27999311685562134,0.18253475427627563,-0.239601731300354,0.5650420784950256,-0.0775381475687027,-0.1705397665500641,-0.179544597864151,0.9030004143714905,-0.2380739152431488,-0.22781851887702942,-0.25540974736213684,-0.22693082690238953,1.3790318965911865,-0.15508416295051575,0.8948465585708618,-0.255771279335022,0.18217875063419342,3.18471360206604,-0.26823222637176514,-0.20823754370212555,-0.20291674137115479,-0.19185811281204224,-0.26535794138908386,0.7983354330062866,-0.10330042988061905,-0.10457690060138702,1.1146893501281738,-0.1303558349609375,-0.22243887186050415
18,294,545,373,612,-0.14538584649562836,-0.24975714087486267,-0.2032964825630188,0.19669046998023987,-0.22495633363723755,-0.1748463362455368,0.28196918964385986,-0.23354338109493256,-0.09912162274122238,0.4072454571723938,0.05095280334353447,-0.14155085384845734,0.32901620864868164,-0.1232655942440033,0.2366173267364502,0.1406354010105133,-0.22340048849582672,-0.10814236849546432,-0.22114183008670807,0.005265616811811924,-0.21993444859981537,0.3176872432231903,-0.19926048815250397,-0.17520810663700104,-0.20401692390441895,-0.06680142134428024,-0.00724185723811388,-0.17751875519752502,0.5112852454185486,-0.03507696092128754,0.06334911286830902,-0.04139325022697449,-0.025248607620596886,0.041207797825336456,0.0412413589656353,-0.13115327060222626,0.49484169483184814,0.3738918602466583,-0.13234488666057587,-0.09487074613571167,-0.21059373021125793,0.15588824450969696,0.028304552659392357,0.07621435821056366,-0.11452770978212357,-0.12336868047714233,0.31231558322906494,0.10928874462842941,0.2679847776889801,-0.04172326251864433,0.5050995945930481,0.38400498032569885,0.17940351366996765,0.09759027510881424,0.5546239614486694,-0.016429295763373375,-0.04138109087944031,0.06671877950429916,-0.15061745047569275,-0.2173117995262146,-0.1563940793275833,0.08789006620645523,-0.16021184623241425,0.03978639468550682,-0.13364508748054504,-0.2310497760772705,0.026293251663446426,0.08577755838632584,-0.014393995516002178,0.11453120410442352,-0.1409572958946228,-0.15053381025791168,0.5743431448936462,-0.15125882625579834,-0.20095515251159668,-0.2033599615097046,0.19436538219451904,0.35372474789619446,-0.19506357610225677,0.05347098037600517,0.02983383648097515,-0.2005687952041626,-0.15523628890514374,-0.13614900410175323,0.34377944469451904,-0.15139789879322052,0.015827348455786705,-0.1704900562763214,0.18396194279193878,-0.1684250831604004,-0.053182344883680344,0.4006750285625458,-0.17864291369915009,-0.22586743533611298,-0.2260468602180481,-0.2052707076072693,-0.23948314785957336,-0.11921294033527374,0.258208304643631,0.4646816849708557,-0.07945625483989716,0.28114819526672363,-0.2329668551683426,-0.18665073812007904,0.014904982410371304,0.08255685865879059,-0.19298763573169708,-0.21384871006011963,0.2188011258840561,0.2522095739841461,-0.19006933271884918,-0.264251172542572,-0.24379894137382507,0.5065702795982361,-0.10897377133369446,0.8271043300628662,-0.24100138247013092,-0.20641881227493286,-0.20412980020046234,-0.23082879185676575,-0.1265905797481537,0.1254347264766693,-0.23599526286125183,-0.2354670912027359,-0.19421015679836273,-0.22916238009929657,-0.1721416711807251,-0.11184938251972198
19,96,532,121,553,-0.1613094061613083,-0.12021807581186295,-0.239950031042099,0.6143946051597595,-0.2768399119377136,-0.24235717952251434,-0.02433612383902073,-0.24032676219940186,-0.241072416305542,-0.17171338200569153,-0.09302887320518494,-0.14372631907463074,-0.2560109496116638,-0.24626223742961884,-0.05322476476430893,-0.2550729513168335,0.4784806966781616,1.4040396213531494,0.2570574879646301,-0.10256694257259369,-0.24265021085739136,-0.2661396861076355,-0.24711447954177856,1.2051105499267578,-0.17807094752788544,-0.13432355225086212,-0.1654059737920761,0.4515380561351776,-0.11457158625125885,0.013929547742009163,-0.2483181655406952,2.906343698501587,0.2424648404121399,-0.2177300751209259,-2.302229404449463e-05,-0.13356351852416992,-0.23717474937438965,-0.05312003940343857,-0.12754981219768524,-0.17976216971874237,-0.059279948472976685,0.20675836503505707,-0.14092876017093658,2.6119141578674316,0.06843271851539612,-0.16474491357803345,1.4249695539474487,-0.1463087797164917,-0.11140234023332596,-0.21263819932937622,-0.2498825192451477,-0.2196597456932068,-0.2317969799041748,2.188478946685791,-0.1634141504764557,-0.08567032217979431,-0.17209942638874054,-0.22954998910427094,-0.035132311284542084,-0.2006080150604248,-0.09309954941272736,-0.16812953352928162,-0.25930091738700867,-0.1068730503320694,1.10112464427948,0.36297765374183655,0.14479976892471313,-0.11243701726198196,-0.21648016571998596,-0.18922555446624756,-0.0895727351307869,-0.1849696785211563,0.6828370094299316,-0.20124027132987976,0.10873421281576157,-0.15216287970542908,-0.2121189832687378,-0.13005179166793823,0.6433721780776978,-0.21262004971504211,0.03950391709804535,-0.13859543204307556,-0.24641114473342896,-0.2499847561120987,0.41721343994140625,-0.1453741192817688,1.0202529430389404,1.1820858716964722,0.09750839322805405,-0.2278137356042862,-0.11918003857135773,-0.2570374608039856,2.1324825286865234,0.5436042547225952,0.44302093982696533,-0.08218339830636978,-0.23071788251399994,-0.15210480988025665,-0.2587725818157196,0.39763104915618896,0.08716988563537598,-0.22305184602737427,0.7417711019515991,-0.24957050383090973,0.09251394122838974,-0.2625449299812317,1.7583370208740234,-0.25916194915771484,-0.154998779296875,-0.17649246752262115,0.08457626402378082,1.6357321739196777,-0.18993937969207764,1.0046136379241943,-0.2594453692436218,0.17759832739830017,2.0455129146575928,-0.27099478244781494,-0.18685322999954224,-0.20521974563598633,-0.24355058372020721,-0.27398091554641724,1.0958185195922852,-0.11756815761327744,-0.16022074222564697,0.7306534051895142,-0.1488841474056244,-0.18148691952228546
20,125,603,215,678,-0.04665353149175644,-0.21820800006389618,-0.22470270097255707,0.29638123512268066,-0.21479012072086334,-0.20988085865974426,0.2987290918827057,-0.09505677968263626,0.06433714926242828,0.13348861038684845,-0.17301994562149048,-0.19229716062545776,0.0025347641203552485,-0.07054857909679413,0.029411790892481804,-0.10418887436389923,-0.11409373581409454,-0.02530631609261036,-0.16237440705299377,0.04958285018801689,0.0022968424018472433,0.13810919225215912,-0.23970335721969604,-0.1267479807138443,-0.22172251343727112,-0.22565124928951263,-0.01746172085404396,-0.22453784942626953,0.36238235235214233,-0.033377740532159805,-0.13926447927951813,0.19190488755702972,-0.010204927995800972,-0.22291265428066254,0.034459471702575684,-0.1306171864271164,0.33676907420158386,0.4929308295249939,-0.11604335159063339,-0.1849769651889801,-0.19760426878929138,0.2467195987701416,-0.10398383438587189,0.008182298392057419,-0.09237919002771378,-0.15158091485500336,0.41273680329322815,0.0811828225851059,0.25883522629737854,-0.21473108232021332,0.23328636586666107,0.16702404618263245,0.0434662327170372,0.37046775221824646,0.13916845619678497,0.034438155591487885,-0.09386897832155228,0.04720268025994301,0.15210993587970734,-0.19911445677280426,-0.20200084149837494,-0.07869569957256317,-0.13351348042488098,0.017805224284529686,-0.053147368133068085,-0.23208461701869965,-0.07395143061876297,-0.05022280663251877,-0.1323905736207962,0.25933530926704407,-0.17863620817661285,-0.2542131543159485,0.45106714963912964,-0.12345482409000397,-0.1522144079208374,-0.20191690325737,-0.020435180515050888,-0.14478322863578796,0.03728088364005089,0.09878351539373398,0.13543333113193512,-0.21192094683647156,-0.22163300216197968,-0.044432565569877625,0.2507067322731018,-0.20782822370529175,-0.032363854348659515,-0.0914861261844635,0.002000488108024001,-0.17573565244674683,-0.11239979416131973,0.19320634007453918,-0.2079426497220993,-0.22700361907482147,-0.2208014279603958,-0.14755745232105255,-0.21975047886371613,-0.22765137255191803,0.005255324766039848,0.4248710870742798,-0.08731893450021744,0.16402098536491394,-0.05932457745075226,-0.17257288098335266,0.12971137464046478,0.13096314668655396,-0.14923737943172455,-0.16890309751033783,0.25559890270233154,0.08517362922430038,-0.1579599231481552,-0.16889166831970215,-0.2296939641237259,0.5144103169441223,-0.007004545070230961,0.6717496514320374,-0.04007292538881302,-0.1414657086133957,-0.21733525395393372,-0.22600612044334412,-0.13568516075611115,-0.004795006476342678,-0.11735573410987854,-0.20756976306438446,-0.1997067779302597,-0.07990068942308426,-0.20616674423217773,-0.14909565448760986
21,396,629,420,649,-0.19061492383480072,0.05424877628684044,-0.22825376689434052,0.36008161306381226,-0.07513921707868576,-0.2593972086906433,-0.13391612470149994,0.03698067367076874,-0.18153207004070282,-0.10063882917165756,-0.13591556251049042,0.16379286348819733,-0.21663546562194824,-0.2524755895137787,0.018849819898605347,-0.2516607642173767,1.9852155447006226,1.5021270513534546,0.17479023337364197,-0.08697714656591415,-0.23657922446727753,-0.2542825937271118,-0.22755073010921478,0.6280593276023865,-0.16749173402786255,-0.19486507773399353,-0.22651922702789307,0.10675400495529175,-0.10231834650039673,-0.012808918952941895,-0.2009066641330719,2.1023788452148438,0.6957330703735352,-0.24715934693813324,0.059570010751485825,-0.1532430648803711,-0.25251612067222595,-0.1325191855430603,-0.0317898765206337,-0.1394577920436859,-0.24963437020778656,0.1162424385547638,-0.20393043756484985,2.226071357727051,-0.11282080411911011,-0.24757611751556396,1.4431862831115723,-0.16807816922664642,-0.20794662833213806,-0.22813688218593597,-0.20727583765983582,-0.26062971353530884,-0.11254677176475525,1.628495216369629,-0.17748233675956726,0.054457634687423706,-0.24611729383468628,-0.18843039870262146,0.4194369316101074,-0.2174103558063507,-0.08424435555934906,-0.15206699073314667,-0.24770325422286987,-0.16458970308303833,1.3413270711898804,-0.23868510127067566,0.08017881959676743,-0.1292712390422821,-0.10639043152332306,-0.19649791717529297,-0.2424408197402954,-0.13410674035549164,0.9887863993644714,-0.19546625018119812,0.925157904624939,-0.1540829837322235,-0.2562398612499237,-0.17412883043289185,0.5659206509590149,-0.21514564752578735,0.35940366983413696,-0.0832972526550293,-0.2030327022075653,0.08146944642066956,0.8355517387390137,-0.23171934485435486,0.5063027739524841,0.40658411383628845,0.4339669644832611,-0.25671321153640747,-0.12212616205215454,-0.19711363315582275,1.4187462329864502,-0.1296934336423874,1.365044116973877,-0.12050517648458481,-0.2263014018535614,-0.15035176277160645,-0.24965891242027283,0.5481798648834229,0.08711990714073181,-0.2374393194913864,0.9193247556686401,-0.1157522052526474,0.027138590812683105,0.26394039392471313,1.0670101642608643,-0.24428898096084595,-0.24174636602401733,-0.0177909042686224,-0.23724445700645447,1.3777673244476318,-0.13858194649219513,1.0369399785995483,-0.21769610047340393,0.5680484771728516,1.5303987264633179,-0.17231982946395874,-0.23038527369499207,-0.21053826808929443,-0.22411875426769257,-0.2510122060775757,0.892101526260376,-0.11466184258460999,-0.17897582054138184,0.679405927658081,-0.24383871257305145,-0.1570190042257309
22,266,507,350,577,-0.05310099571943283,-0.2419101893901825,-0.11514844000339508,0.2886970341205597,-0.22219593822956085,-0.20144082605838776,0.23637983202934265,-0.20539018511772156,-0.13964076340198517,0.6043550968170166,0.007388068828731775,-0.13840413093566895,0.2757514417171478,-0.11046192795038223,0.27322378754615784,0.12904269993305206,-0.20829463005065918,-0.12108739465475082,-0.22155927121639252,-0.007702214177697897,-0.24081601202487946,0.29279375076293945,-0.20354214310646057,-0.17143365740776062,-0.2263191044330597,-0.08791385591030121,0.0071199736557900906,-0.17302486300468445,0.599415123462677,-0.04313881695270538,0.0710809975862503,0.1938437670469284,-0.07207310199737549,-0.0005461904802359641,-0.09692660719156265,-0.09048618376255035,0.7163970470428467,0.1771739274263382,-0.12372904270887375,-0.11317070573568344,-0.11055143177509308,0.1173497810959816,0.03966208174824715,0.0301045048981905,-0.1313452273607254,-0.13034823536872864,0.34320157766342163,0.020734021440148354,0.37256762385368347,-0.001363949617370963,0.6581348776817322,0.3586183488368988,0.14304061233997345,0.058948371559381485,0.7028191089630127,0.16500099003314972,-0.14017264544963837,0.044298212975263596,-0.1780582070350647,-0.2223704606294632,-0.12431498616933823,0.026570430025458336,-0.08769965916872025,-0.1615879088640213,-0.13220389187335968,-0.20133090019226074,-0.1248641163110733,0.20636723935604095,-0.1108640804886818,0.02986057661473751,-0.1464949995279312,-0.17334392666816711,0.5856793522834778,-0.16700202226638794,-0.17569951713085175,-0.20300647616386414,0.17604391276836395,0.2843666076660156,-0.22147569060325623,0.020678702741861343,-0.007287146523594856,-0.21305552124977112,-0.09754671901464462,-0.1502876877784729,0.41294389963150024,-0.15007862448692322,0.03628396987915039,-0.19394248723983765,0.14916373789310455,-0.16491614282131195,-0.12940318882465363,0.3007655739784241,-0.17175857722759247,-0.2211919128894806,-0.23054443299770355,-0.240829199552536,-0.2265307605266571,-0.11623135209083557,0.3468097150325775,0.4156763553619385,0.0776565745472908,0.1762537807226181,-0.2245779037475586,-0.15939103066921234,-0.04921149089932442,0.05159808322787285,-0.21603161096572876,-0.205367311835289,0.13944771885871887,0.15768542885780334,-0.10678529739379883,-0.2638457715511322,-0.22726136445999146,0.5091133117675781,-0.0004899915657006204,0.8949851989746094,-0.2341560572385788,-0.20517602562904358,-0.1667703241109848,-0.21014073491096497,-0.1593129187822342,0.14693090319633484,-0.24125289916992188,-0.16856887936592102,-0.20203158259391785,-0.2225765734910965,-0.19180938601493835,-0.15928196907043457
23,594,705,672,771,-0.06942716240882874,-0.16968414187431335,-0.04946328327059746,0.20340865850448608,-0.20846684277057648,-0.2006756067276001,0.1099177896976471,-0.20429986715316772,-0.15328238904476166,0.2526799738407135,0.08333022892475128,-0.06766533851623535,0.23645831644535065,-0.16563479602336884,0.29856032133102417,0.2311238795518875,-0.2331681251525879,0.19521945714950562,-0.20107515156269073,-0.04559916630387306,-0.2332068383693695,0.11893846839666367,-0.18729698657989502,-0.14402548968791962,-0.18544022738933563,-0.057111192494630814,-0.07597973197698593,-0.17189781367778778,0.22759561240673065,0.021643826737999916,0.04514211788773537,0.0064333779737353325,0.07567207515239716,0.0812438353896141,0.14881590008735657,-0.12567442655563354,0.25169864296913147,0.0452205054461956,-0.11784905195236206,-0.1828012615442276,-0.15299586951732635,0.26924923062324524,-0.10122022032737732,0.05115983635187149,0.02002658322453499,-0.16386891901493073,0.35183197259902954,-0.04445112124085426,0.17262618243694305,-0.025570211932063103,0.11908068507909775,0.24700017273426056,0.10753452032804489,0.18366757035255432,0.2576407492160797,0.07343121618032455,-0.1065303310751915,0.0851893499493599,-0.14915980398654938,-0.17217911779880524,-0.06806518882513046,0.18448907136917114,-0.16032356023788452,0.0029961159452795982,0.11493794620037079,-0.23667435348033905,0.005414513871073723,-0.02939107082784176,0.09991657733917236,-0.08110783994197845,-0.1555214673280716,-0.24388308823108673,0.6042711138725281,-0.21782372891902924,-0.06652720272541046,-0.1805286556482315,0.08508485555648804,0.3466702401638031,-0.20172341167926788,-0.06302876770496368,0.10686945170164108,-0.19148468971252441,-0.16832272708415985,-0.17190514504909515,0.4448105990886688,-0.14858455955982208,0.028970910236239433,-0.1859617978334427,0.3593946695327759,-0.1063927561044693,-0.060460563749074936,0.3655455410480499,-0.1912754327058792,-0.22927525639533997,-0.2051950991153717,-0.2208508998155594,-0.18998408317565918,-0.13942117989063263,-0.013848873786628246,0.5207300186157227,-0.04938908666372299,0.17673878371715546,-0.08786598592996597,-0.1616610735654831,-0.0049597881734371185,-0.09688625484704971,-0.06210412457585335,-0.15819190442562103,0.005030463449656963,0.19523590803146362,-0.05648791417479515,-0.21377015113830566,-0.22585026919841766,0.6507600545883179,-0.12325435131788254,0.7142443656921387,0.0462423637509346,-0.2031317800283432,-0.18257978558540344,-0.07307399064302444,-0.0863427221775055,0.18946097791194916,-0.16663514077663422,-0.17595699429512024,-0.18246369063854218,-0.22524498403072357,-0.18816156685352325,-0.07554545253515244
24,407,465,432,486,-0.2538139522075653,0.05131575092673302,-0.17912662029266357,0.5350140333175659,-0.24184414744377136,-0.25583937764167786,-0.12036818265914917,-0.2127397656440735,-0.2463362216949463,-0.21031808853149414,-0.09792082011699677,-0.05930003523826599,0.2593174874782562,-0.17337298393249512,0.030465353280305862,-0.21884237229824066,-0.12309276312589645,1.373923659324646,0.5233824253082275,-0.06350523978471756,-0.15756121277809143,-0.27145257592201233,-0.19842469692230225,1.7315587997436523,-0.11211036145687103,-0.16165944933891296,-0.2102971076965332,-0.2024344652891159,-0.09941820800304413,-0.2060890644788742,-0.23615942895412445,2.914529800415039,0.07328023761510849,-0.21709708869457245,0.3178645670413971,-0.13656198978424072,-0.23234021663665771,-0.042244479060173035,-0.031373366713523865,-0.06611289083957672,0.32668599486351013,0.023533573374152184,-0.252811074256897,1.033204436302185,-0.13735303282737732,-0.18237018585205078,1.1903170347213745,-0.2660016715526581,-0.06931021809577942,-0.24469789862632751,-0.2643013894557953,-0.25665491819381714,-0.24637189507484436,1.6886303424835205,-0.20817504823207855,-0.18454647064208984,-0.21266701817512512,-0.16602356731891632,-0.17734456062316895,-0.16065403819084167,-0.12187318503856659,-0.1458815038204193,-0.17664304375648499,-0.17881664633750916,1.346509337425232,0.35669824481010437,0.187874436378479,-0.140516996383667,-0.2625323235988617,-0.1862676590681076,-0.18894927203655243,-0.1870049685239792,0.5898237228393555,-0.21893543004989624,0.7852303385734558,-0.19060349464416504,-0.2610246241092682,-0.10825660824775696,0.4561011791229248,-0.07131372392177582,0.2350582331418991,-0.17264056205749512,-0.1699279546737671,-0.24956828355789185,0.8619413375854492,-0.05264001339673996,0.625612735748291,0.8504413366317749,0.12515120208263397,-0.007621343247592449,0.02192366123199463,-0.18549388647079468,0.7175325155258179,0.21205660700798035,-0.14687658846378326,-0.0919189304113388,-0.2562388777732849,-0.19349102675914764,-0.17986103892326355,0.43083733320236206,1.3408803939819336,-0.2297751009464264,1.2777831554412842,-0.1166011318564415,-0.13877414166927338,-0.2452714890241623,1.7471917867660522,-0.21857790648937225,-0.2684725224971771,-0.21963922679424286,-0.06415548920631409,1.3309353590011597,-0.18097971379756927,1.1342793703079224,-0.2335989773273468,0.1638333797454834,2.710796356201172,-0.25103792548179626,-0.2502914071083069,-0.21729014813899994,-0.22717392444610596,-0.26309633255004883,0.34740909934043884,-0.07475194334983826,-0.2579595148563385,0.3328731954097748,-0.2068193405866623,-0.19306442141532898
25,177,330,251,392,0.23087501525878906,-0.23454979062080383,-0.15316519141197205,0.40543287992477417,-0.22385624051094055,-0.23600921034812927,-0.13042089343070984,-0.12346503883600235,-0.10515108704566956,0.2467389553785324,0.07304853945970535,-0.19958853721618652,-0.11838260293006897,-0.05264849588274956,0.01854422129690647,0.041169699281454086,-0.10597430169582367,-0.15039008855819702,-0.06832427531480789,-0.20120996236801147,-0.1287548989057541,0.05927875265479088,-0.19444985687732697,-0.16650500893592834,-0.20275942981243134,-0.18494339287281036,-0.12174367904663086,-0.20777395367622375,-0.05267865210771561,0.10256396234035492,0.12101968377828598,0.22001078724861145,0.2858596444129944,-0.07224635779857635,0.003949699457734823,-0.17633792757987976,0.4000011384487152,0.28714093565940857,-0.12090875953435898,-0.11872629821300507,-0.15486668050289154,0.26845893263816833,-0.23900103569030762,-0.009930228814482689,-0.0519832968711853,-0.15878696739673615,0.24978427588939667,0.0761515349149704,0.10134395211935043,0.13159234821796417,0.05696522444486618,-0.17449437081813812,0.03635839745402336,0.20579344034194946,0.05781063064932823,0.6416276693344116,-0.16071799397468567,0.014882202260196209,0.2569535970687866,-0.03938927501440048,-0.046291518956422806,-0.03958699479699135,-0.24285849928855896,-0.0867580771446228,-0.228921040892601,-0.16180919110774994,-0.21343795955181122,-0.1605135053396225,0.2887499928474426,-0.03855235129594803,-0.17969965934753418,-0.23243193328380585,0.36327800154685974,-0.08844675123691559,-0.19239874184131622,-0.19918622076511383,-0.05508562922477722,0.10002487152814865,-0.17239928245544434,0.18043792247772217,-0.08459896594285965,-0.1932487189769745,-0.20177333056926727,-0.08981345593929291,0.5967514514923096,-0.1956288367509842,-0.1096034124493599,-0.18968592584133148,0.33605846762657166,-0.09288382530212402,-0.1687840223312378,0.2190774530172348,-0.17655616998672485,-0.21557824313640594,-0.21881957352161407,-0.20466892421245575,-0.2461550235748291,-0.20184598863124847,-0.18851979076862335,0.7322262525558472,-0.008317802101373672,-0.14574512839317322,0.09051915258169174,-0.1806667298078537,0.203185573220253,-0.006465267855674028,-0.19031473994255066,-0.1905161291360855,0.055514175444841385,0.2068740725517273,-0.09547138214111328,-0.12648408114910126,-0.21199513971805573,0.5726098418235779,0.25681978464126587,0.8562113046646118,-0.2350805252790451,-0.20067459344863892,-0.17806635797023773,-0.19496729969978333,-0.028425168246030807,0.19211524724960327,0.002334961900487542,-0.17482702434062958,-0.15778741240501404,-0.11675004661083221,-0.23715701699256897,-0.0648002177476883
26,577,908,639,961,-0.08821041882038116,0.6335777640342712,-0.1884572058916092,0.208811953663826,-0.12567050755023956,-0.21963901817798615,0.6199647784233093,0.09205067902803421,-0.16580088436603546,-0.22489862143993378,-0.22980348765850067,-0.18353860080242157,-0.16818241775035858,-0.14753130078315735,0.10024239867925644,-0.010973179712891579,-0.1986566036939621,-0.2279895842075348,-0.14093123376369476,-0.20438089966773987,0.024164291098713875,0.12642718851566315,-0.028449689969420433,-0.13188940286636353,-0.06410089135169983,-0.22907261550426483,-0.043328702449798584,-0.21973614394664764,0.22545504570007324,0.27606478333473206,-0.18894325196743011,0.15252915024757385,0.10724508762359619,-0.14635351300239563,-0.07632269710302353,-0.19492529332637787,-0.09686873853206635,-0.1776227205991745,0.20104070007801056,-0.21102558076381683,-0.2177322655916214,0.22006578743457794,-0.1250128298997879,0.18289794027805328,0.07137643545866013,-0.12839064002037048,0.3634517788887024,-0.2170674353837967,0.19546864926815033,-0.21551819145679474,-0.07711285352706909,0.13360953330993652,0.40131768584251404,0.3868362307548523,-0.01936451904475689,0.5171415209770203,-0.13797739148139954,0.2225075215101242,0.39264607429504395,-0.19271986186504364,-0.17884142696857452,-0.014122006483376026,0.007684809155762196,0.991124153137207,0.06813173741102219,-0.17868804931640625,-0.027881061658263206,-0.04330754280090332,-0.0565350241959095,-0.04727926850318909,-0.17147651314735413,-0.18244825303554535,0.4844795763492584,-0.11241178959608078,-0.05018514394760132,-0.023844748735427856,-0.029369419440627098,-0.2014237493276596,0.0886816754937172,-0.131427600979805,0.38633882999420166,-0.09034436196088791,-0.2515289783477783,0.1894950419664383,0.47877731919288635,-0.21365264058113098,0.004709369037300348,-0.2299598902463913,0.01925668492913246,-0.24795790016651154,-0.17100681364536285,0.493394672870636,0.06600295752286911,-0.04311485216021538,0.09050532430410385,0.04385584220290184,-0.2429000437259674,-0.23869429528713226,0.4099048674106598,0.5114823579788208,-0.14365194737911224,-0.16452164947986603,0.012458580546081066,-0.09605678170919418,0.1512870043516159,0.09849280118942261,-0.18718568980693817,-0.2096395343542099,0.0011690109968185425,-0.002472801599651575,-0.21726803481578827,-0.24795804917812347,-0.0971883162856102,0.6875998377799988,0.13062354922294617,0.40613457560539246,-0.13705343008041382,0.45990943908691406,-0.17466574907302856,-0.1970488280057907,0.04451052099466324,-0.1590520143508911,0.21519780158996582,-0.1395348161458969,-0.12329461425542831,0.0662553682923317,-0.19087079167366028,-0.15081866085529327
27,217,337,296,405,0.15380312502384186,-0.2340274602174759,-0.11210814118385315,0.39998558163642883,-0.2192305475473404,-0.16686606407165527,-0.07399798184633255,-0.20352092385292053,-0.09021904319524765,0.4057515561580658,0.1035187616944313,-0.16623933613300323,0.012994429096579552,-0.20263519883155823,-0.012667187489569187,0.31187522411346436,-0.20653299987316132,-0.12906691431999207,-0.17956537008285522,-0.18304085731506348,-0.18447835743427277,0.24259227514266968,-0.19320231676101685,-0.13233104348182678,-0.16410405933856964,-0.09492270648479462,0.020210716873407364,-0.18880636990070343,-0.1216801255941391,0.12488225102424622,0.050992701202631,-0.07524047046899796,0.18788041174411774,0.011282634921371937,0.14705713093280792,-0.08901717513799667,0.21060512959957123,0.40886956453323364,-0.07918372750282288,0.07449886202812195,-0.10228376090526581,0.10742919147014618,-0.14053307473659515,-0.04476964846253395,0.07572495192289352,-0.14586050808429718,0.1151890680193901,0.04352200776338577,0.11063148081302643,0.3934118449687958,-0.08172038942575455,-0.20233061909675598,0.12617678940296173,0.05333814024925232,0.27089616656303406,0.2942500710487366,-0.16727764904499054,0.03172456845641136,-0.14831633865833282,-0.10982324928045273,-0.0005236889119260013,0.09677290916442871,-0.20732423663139343,-0.1331816464662552,-0.22767509520053864,-0.15487545728683472,-0.08753911405801773,-0.1810181438922882,0.45582783222198486,-0.038132306188344955,-0.1281474381685257,-0.18718482553958893,0.3482452929019928,-0.20257528126239777,-0.1852259486913681,-0.1895447075366974,-0.01952814683318138,0.25805774331092834,-0.21369048953056335,0.38805344700813293,0.02073577605187893,-0.17603455483913422,-0.22112151980400085,-0.1919298768043518,0.473033607006073,-0.1029139906167984,-0.12124895304441452,-0.17731966078281403,0.28243663907051086,0.04221124202013016,-0.16049189865589142,0.4904096722602844,-0.17111989855766296,-0.20126891136169434,-0.23206312954425812,-0.22191010415554047,-0.23850306868553162,-0.07177553325891495,-0.012824873439967632,0.7512489557266235,0.12567265331745148,-0.054105374962091446,-0.028214622288942337,-0.18014349043369293,0.4415096938610077,-0.044994860887527466,-0.1288856863975525,-0.18410909175872803,-0.13563519716262817,0.13709688186645508,0.03308549523353577,-0.1610480099916458,-0.21162255108356476,0.5142259001731873,-0.09997104853391647,0.7986628413200378,-0.24752376973628998,-0.21991980075836182,-0.14441649615764618,-0.1757446676492691,-0.057023875415325165,0.4980805218219757,-0.12371663004159927,-0.18937385082244873,-0.12422668188810349,-0.17790961265563965,-0.19646914303302765,0.20406116545200348
28,205,622,228,641,-0.14526234567165375,-0.025960862636566162,-0.21785619854927063,0.23547859489917755,-0.24118325114250183,-0.240916445851326,-0.1422916203737259,-0.19214941561222076,-0.08880061656236649,-0.1635253131389618,-0.1891918182373047,-0.11226708441972733,-0.130379781126976,-0.2317819893360138,-0.016218598932027817,-0.070533387362957,-0.20752212405204773,1.3512846231460571,-0.1897883415222168,-0.06039809063076973,-0.191909521818161,0.10007228702306747,-0.21384385228157043,0.21301208436489105,-0.16287091374397278,-0.2512674927711487,-0.00964426714926958,-0.23820169270038605,0.09758099913597107,0.13016675412654877,-0.06844259798526764,0.8212578296661377,-0.0668286457657814,-0.235686257481575,0.45315679907798767,-0.1726657897233963,-0.07065676152706146,-0.11861063539981842,-0.20623302459716797,-0.2127690613269806,-0.06074714660644531,0.1137101799249649,-0.19450871646404266,0.9794687628746033,-0.125772163271904,-0.1906299740076065,0.5227000117301941,-0.1931590586900711,0.030517250299453735,-0.1838235855102539,-0.11464574933052063,-0.161874458193779,0.01880505681037903,0.7213357090950012,-0.036743443459272385,0.020029544830322266,-0.21489877998828888,-0.18901246786117554,-0.23818111419677734,0.0007473495206795633,-0.2428232878446579,0.09830125421285629,-0.1984512060880661,-0.07374740391969681,0.5326469540596008,-0.23178645968437195,0.08760472387075424,-0.16282187402248383,-0.20479276776313782,-0.21056707203388214,-0.11232545971870422,-0.26197606325149536,0.49561792612075806,-0.2046206295490265,0.36218854784965515,-0.20400860905647278,-0.23235507309436798,-0.19728441536426544,-0.12371764332056046,-0.2018401175737381,0.5039626359939575,-0.15645234286785126,-0.13369707763195038,-0.09665330499410629,0.517166256904602,-0.25640669465065,-0.02435188926756382,0.14638373255729675,0.39219918847084045,0.23355527222156525,-0.20236900448799133,0.08522193878889084,0.1598650962114334,-0.08306944370269775,-0.24917727708816528,-0.13161377608776093,-0.23435217142105103,-0.23669859766960144,-0.04261308163404465,0.504235565662384,0.30358678102493286,0.042018234729766846,0.49717262387275696,0.1412135809659958,0.03938688337802887,-0.10864689201116562,0.2999037206172943,-0.12266132980585098,-0.1906336098909378,-0.032875195145606995,-0.24533934891223907,0.5295155644416809,-0.2049800604581833,0.6811612248420715,-0.23071856796741486,0.5765603184700012,1.4777218103408813,-0.221476212143898,-0.19690856337547302,-0.22586236894130707,-0.16202659904956818,-0.06945785135030746,0.09482399374246597,-0.17914584279060364,-0.21515405178070068,0.5088596940040588,-0.2254503071308136,0.003078712383285165
29,497,842,514,858,-0.12779976427555084,0.25776106119155884,-0.16009381413459778,-0.020516641438007355,-0.2512132525444031,-0.18847471475601196,-0.11631298065185547,-0.13835805654525757,-0.23969519138336182,-0.16848382353782654,-0.15036293864250183,0.28366029262542725,-0.08667390048503876,-0.18936407566070557,0.4833056628704071,0.01193787157535553,-0.23852187395095825,1.9106974601745605,-0.18335632979869843,-0.10709572583436966,-0.1848234087228775,0.16987130045890808,-0.11446990072727203,0.5494562387466431,-0.18373939394950867,-0.04958580434322357,0.2716682255268097,-0.20632301270961761,-0.11798710376024246,0.31868982315063477,-0.23438456654548645,-0.027941375970840454,-0.22637300193309784,-0.021253086626529694,0.3005698621273041,-0.1691063493490219,-0.18134182691574097,-0.15160982310771942,-0.055823445320129395,-0.2433723360300064,-0.17494070529937744,-0.12164483964443207,-0.1801689863204956,1.777789831161499,0.5260563492774963,-0.21236702799797058,0.21536019444465637,-0.20076951384544373,-0.25285500288009644,-0.13545170426368713,-0.12506310641765594,0.35759472846984863,0.3110150694847107,0.5826361179351807,-0.009334348142147064,0.09442658722400665,-0.1933133900165558,-0.14237499237060547,0.21052700281143188,-0.24311065673828125,-0.1695101261138916,-0.1981520652770996,-0.24699506163597107,-0.2364816963672638,0.6949934363365173,-0.19418002665042877,-0.11706669628620148,-0.18105807900428772,-0.12380509823560715,-0.11669705808162689,-0.026019379496574402,-0.2564958930015564,0.32106783986091614,-0.20632758736610413,-0.10384984314441681,-0.13115844130516052,-0.2421107143163681,1.9741308689117432,-0.019252628087997437,-0.1556026190519333,0.1299842745065689,-0.0810774564743042,-0.11244865506887436,-0.22518528997898102,0.41206133365631104,-0.22141620516777039,-0.17118766903877258,-0.006883189082145691,0.20903697609901428,-0.10819027572870255,-0.1971779763698578,0.8101203441619873,-0.0027774497866630554,-0.2412196397781372,-0.209184929728508,-0.10832837224006653,-0.24196027219295502,-0.20719847083091736,-0.1796964704990387,0.46146848797798157,-0.2188117504119873,-0.17475652694702148,-0.2406279742717743,0.16167980432510376,0.05728984624147415,0.0011116638779640198,0.45623716711997986,-0.20538558065891266,-0.185463547706604,-0.02780616283416748,-0.19124314188957214,0.08470368385314941,-0.20686568319797516,0.46575626730918884,-0.22842788696289062,0.41883784532546997,1.9482110738754272,-0.2246149182319641,-0.2638636529445648,-0.25483182072639465,-0.15889206528663635,-0.08155225962400436,0.4660375416278839,-0.05987144261598587,-0.1998988687992096,0.8775952458381653,-0.21985453367233276,-0.1402120739221573
30,602,740,616,752,-0.23109735548496246,0.2922452688217163,0.030213613063097,0.9094934463500977,-0.20606231689453125,-0.2312304824590683,-0.1774788498878479,-0.14394140243530273,-0.23345573246479034,-0.15398329496383667,-0.2050410658121109,0.43735000491142273,0.22919385135173798,-0.1615733951330185,0.6992741823196411,-0.2196750044822693,-0.24726471304893494,2.7310492992401123,-0.21093982458114624,-0.10702931135892868,-0.17500418424606323,0.042900629341602325,-0.06349623203277588,-0.01511356234550476,-0.13615170121192932,0.04455162584781647,0.38582032918930054,-0.1272367537021637,-0.2109825164079666,-0.2251116931438446,0.8521816730499268,-0.09240642935037613,-0.26761341094970703,-0.16123241186141968,0.2120521366596222,-0.17195436358451843,-0.22894181311130524,-0.24773114919662476,0.18471619486808777,-0.15907683968544006,-0.1729363203048706,-0.12210607528686523,-0.07467693090438843,1.0319527387619019,0.4748775064945221,-0.16339069604873657,0.10770072042942047,-0.25664812326431274,0.5916661620140076,0.015293857082724571,-0.19990533590316772,0.040267303586006165,0.1636338233947754,1.0134083032608032,-0.20651929080486298,0.1874922513961792,-0.17817017436027527,-0.2669718563556671,0.12339480221271515,-0.1751033067703247,-0.07750697433948517,-0.023508921265602112,0.004672437906265259,-0.2544000744819641,1.85502028465271,-0.21237535774707794,-0.07709154486656189,-0.20842117071151733,-0.15293098986148834,-0.2310183048248291,-0.1513540893793106,-0.25943395495414734,0.8481781482696533,-0.2203780710697174,0.23903559148311615,-0.19755466282367706,-0.12882952392101288,2.160567283630371,-0.15451201796531677,-0.21516481041908264,0.6465974450111389,-0.1665148138999939,-0.21726103127002716,-0.23237670958042145,0.5072602033615112,-0.16626116633415222,-0.18814672529697418,-0.20603977143764496,-0.043253615498542786,-0.16448993980884552,-0.2061540186405182,0.638763964176178,-0.19619016349315643,-0.24054408073425293,-0.15982258319854736,-0.19432233273983002,0.0005630329251289368,-0.22549766302108765,-0.25699836015701294,0.09705990552902222,-0.25813978910446167,-0.2161083221435547,0.1264743059873581,-0.26149141788482666,0.05234210938215256,-0.26878711581230164,0.0060654692351818085,-0.06498157232999802,-0.07038669288158417,-0.10825013369321823,-0.23846974968910217,0.033355019986629486,-0.21297615766525269,0.7426692247390747,-0.19345298409461975,0.9886095523834229,1.8769490718841553,-0.2513841688632965,-0.22878497838974,0.27295011281967163,-0.2555634081363678,-0.24647757411003113,0.2279428243637085,-0.21875247359275818,-0.24114125967025757,-0.19285809993743896,-0.1916499137878418,-0.12293985486030579
